2023-04-01 11:31:48.780,521.0
2023-04-01 11:31:48.910,573.0
2023-04-01 11:31:48.951,571.0
2023-04-01 11:31:49.058,615.0
2023-04-01 11:31:49.152,568.0
2023-04-01 11:31:49.271,519.0
2023-04-01 11:31:49.356,513.0
2023-04-01 11:31:49.530,562.0
2023-04-01 11:31:49.559,573.0
2023-04-01 11:31:49.672,577.0
2023-04-01 11:31:49.761,581.0
2023-04-01 11:31:49.868,501.0
2023-04-01 11:31:49.957,528.0
2023-04-01 11:31:50.091,534.0
2023-04-01 11:31:50.158,568.0
2023-04-01 11:31:50.350,577.0
2023-04-01 11:31:50.364,571.0
2023-04-01 11:31:50.524,573.0
2023-04-01 11:31:50.566,509.0
2023-04-01 11:31:50.725,517.0
2023-04-01 11:31:50.774,488.0
2023-04-01 11:31:50.882,582.0
2023-04-01 11:31:50.973,572.0
2023-04-01 11:31:51.082,576.0
2023-04-01 11:31:51.177,572.0
2023-04-01 11:31:51.339,591.0
2023-04-01 11:31:51.378,564.0
2023-04-01 11:31:51.492,516.0
2023-04-01 11:31:51.588,499.0
2023-04-01 11:31:51.700,566.0
2023-04-01 11:31:51.793,576.0
2023-04-01 11:31:51.887,577.0
2023-04-01 11:31:52.002,576.0
2023-04-01 11:31:52.088,571.0
2023-04-01 11:31:52.209,562.0
2023-04-01 11:31:52.303,562.0
2023-04-01 11:31:52.398,565.0
2023-04-01 11:31:52.506,559.0
2023-04-01 11:31:52.595,561.0
2023-04-01 11:31:52.704,566.0
2023-04-01 11:31:52.800,694.0
2023-04-01 11:31:52.906,500.0
2023-04-01 11:31:53.006,478.0
2023-04-01 11:31:53.106,581.0
2023-04-01 11:31:53.214,581.0
2023-04-01 11:31:53.311,582.0
2023-04-01 11:31:53.415,570.0
2023-04-01 11:31:53.507,580.0
2023-04-01 11:31:53.620,579.0
2023-04-01 11:31:53.709,576.0
2023-04-01 11:31:53.825,573.0
2023-04-01 11:31:53.916,596.0
2023-04-01 11:31:54.010,514.0
2023-04-01 11:31:54.120,511.0
2023-04-01 11:31:54.224,569.0
2023-04-01 11:31:54.324,569.0
2023-04-01 11:31:54.423,569.0
2023-04-01 11:31:54.563,567.0
2023-04-01 11:31:54.623,561.0
2023-04-01 11:31:54.734,578.0
2023-04-01 11:31:54.818,559.0
2023-04-01 11:31:54.925,517.0
2023-04-01 11:31:55.026,502.0
2023-04-01 11:31:55.132,561.0
2023-04-01 11:31:55.241,578.0
2023-04-01 11:31:55.329,574.0
2023-04-01 11:31:55.435,573.0
2023-04-01 11:31:55.536,567.0
2023-04-01 11:31:55.647,561.0
2023-04-01 11:31:55.738,560.0
2023-04-01 11:31:55.847,653.0
2023-04-01 11:31:55.938,513.0
2023-04-01 11:31:56.290,488.0
2023-04-01 11:31:56.294,580.0
2023-04-01 11:31:56.297,583.0
2023-04-01 11:31:56.339,568.0
2023-04-01 11:31:56.448,574.0
2023-04-01 11:31:56.556,567.0
2023-04-01 11:31:56.645,573.0
2023-04-01 11:31:56.767,506.0
2023-04-01 11:31:56.846,518.0
2023-04-01 11:31:56.952,508.0
2023-04-01 11:31:57.080,581.0
2023-04-01 11:31:57.157,573.0
2023-04-01 11:31:57.249,580.0
2023-04-01 11:31:57.365,581.0
2023-04-01 11:31:57.460,571.0
2023-04-01 11:31:57.561,569.0
2023-04-01 11:31:57.663,514.0
2023-04-01 11:31:57.762,514.0
2023-04-01 11:31:57.887,505.0
2023-04-01 11:31:57.964,568.0
2023-04-01 11:31:58.066,572.0
2023-04-01 11:31:58.186,581.0
2023-04-01 11:31:58.288,570.0
2023-04-01 11:31:58.374,568.0
2023-04-01 11:31:58.476,567.0
2023-04-01 11:31:58.573,703.0
2023-04-01 11:31:58.688,522.0
2023-04-01 11:31:58.786,504.0
2023-04-01 11:31:58.874,578.0
2023-04-01 11:31:58.978,572.0
2023-04-01 11:31:59.084,579.0
2023-04-01 11:31:59.176,580.0
2023-04-01 11:31:59.297,590.0
2023-04-01 11:31:59.383,772.0
2023-04-01 11:31:59.477,525.0
2023-04-01 11:31:59.588,528.0
2023-04-01 11:31:59.693,574.0
2023-04-01 11:31:59.788,566.0
2023-04-01 11:31:59.894,569.0
2023-04-01 11:31:59.994,590.0
2023-04-01 11:32:00.095,554.0
2023-04-01 11:32:00.194,509.0
2023-04-01 11:32:00.309,500.0
2023-04-01 11:32:00.391,557.0
2023-04-01 11:32:00.570,577.0
2023-04-01 11:32:00.596,571.0
2023-04-01 11:32:00.814,582.0
2023-04-01 11:32:00.823,564.0
2023-04-01 11:32:00.914,652.0
2023-04-01 11:32:01.004,512.0
2023-04-01 11:32:01.114,495.0
2023-04-01 11:32:01.221,578.0
2023-04-01 11:32:01.303,580.0
2023-04-01 11:32:01.424,577.0
2023-04-01 11:32:01.516,573.0
2023-04-01 11:32:01.616,512.0
2023-04-01 11:32:01.715,522.0
2023-04-01 11:32:01.827,506.0
2023-04-01 11:32:01.917,562.0
2023-04-01 11:32:02.037,570.0
2023-04-01 11:32:02.125,572.0
2023-04-01 11:32:02.212,569.0
2023-04-01 11:32:02.318,607.0
2023-04-01 11:32:02.435,570.0
2023-04-01 11:32:02.534,516.0
2023-04-01 11:32:02.623,507.0
2023-04-01 11:32:02.731,549.0
2023-04-01 11:32:02.830,578.0
2023-04-01 11:32:02.927,578.0
2023-04-01 11:32:03.038,573.0
2023-04-01 11:32:03.133,567.0
2023-04-01 11:32:03.226,556.0
2023-04-01 11:32:03.348,521.0
2023-04-01 11:32:03.435,508.0
2023-04-01 11:32:03.536,512.0
2023-04-01 11:32:03.636,576.0
2023-04-01 11:32:03.802,578.0
2023-04-01 11:32:03.832,577.0
2023-04-01 11:32:04.009,586.0
2023-04-01 11:32:04.040,568.0
2023-04-01 11:32:04.181,521.0
2023-04-01 11:32:04.271,521.0
2023-04-01 11:32:04.347,514.0
2023-04-01 11:32:04.447,583.0
2023-04-01 11:32:04.551,585.0
2023-04-01 11:32:04.654,580.0
2023-04-01 11:32:04.762,581.0
2023-04-01 11:32:04.872,564.0
2023-04-01 11:32:04.969,523.0
2023-04-01 11:32:05.054,516.0
2023-04-01 11:32:05.157,562.0
2023-04-01 11:32:05.279,570.0
2023-04-01 11:32:05.363,576.0
2023-04-01 11:32:05.476,577.0
2023-04-01 11:32:05.562,576.0
2023-04-01 11:32:05.674,686.0
2023-04-01 11:32:05.763,531.0
2023-04-01 11:32:05.871,533.0
2023-04-01 11:32:05.968,564.0
2023-04-01 11:32:06.075,566.0
2023-04-01 11:32:06.165,570.0
2023-04-01 11:32:06.341,566.0
2023-04-01 11:32:06.371,571.0
2023-04-01 11:32:06.472,499.0
2023-04-01 11:32:06.584,495.0
2023-04-01 11:32:06.696,579.0
2023-04-01 11:32:06.797,580.0
2023-04-01 11:32:06.886,579.0
2023-04-01 11:32:06.983,570.0
2023-04-01 11:32:07.125,614.0
2023-04-01 11:32:07.175,518.0
2023-04-01 11:32:07.347,500.0
2023-04-01 11:32:07.384,590.0
2023-04-01 11:32:07.487,592.0
2023-04-01 11:32:07.612,588.0
2023-04-01 11:32:07.694,555.0
2023-04-01 11:32:07.785,509.0
2023-04-01 11:32:07.947,502.0
2023-04-01 11:32:08.004,454.0
2023-04-01 11:32:08.096,534.0
2023-04-01 11:32:08.208,577.0
2023-04-01 11:32:08.322,576.0
2023-04-01 11:32:08.391,572.0
2023-04-01 11:32:08.501,580.0
2023-04-01 11:32:08.664,568.0
2023-04-01 11:32:08.697,478.0
2023-04-01 11:32:08.809,513.0
2023-04-01 11:32:08.910,488.0
2023-04-01 11:32:09.015,568.0
2023-04-01 11:32:09.105,562.0
2023-04-01 11:32:09.218,573.0
2023-04-01 11:32:09.316,568.0
2023-04-01 11:32:09.414,564.0
2023-04-01 11:32:09.872,567.0
2023-04-01 11:32:09.877,627.0
2023-04-01 11:32:09.881,500.0
2023-04-01 11:32:09.885,474.0
2023-04-01 11:32:09.924,576.0
2023-04-01 11:32:10.026,579.0
2023-04-01 11:32:10.131,583.0
2023-04-01 11:32:10.298,582.0
2023-04-01 11:32:10.315,570.0
2023-04-01 11:32:10.425,568.0
2023-04-01 11:32:10.527,692.0
2023-04-01 11:32:10.620,504.0
2023-04-01 11:32:10.724,469.0
2023-04-01 11:32:10.824,585.0
2023-04-01 11:32:10.937,574.0
2023-04-01 11:32:11.055,572.0
2023-04-01 11:32:11.145,566.0
2023-04-01 11:32:11.230,572.0
2023-04-01 11:32:11.342,567.0
2023-04-01 11:32:11.432,518.0
2023-04-01 11:32:11.538,509.0
2023-04-01 11:32:11.640,512.0
2023-04-01 11:32:11.734,588.0
2023-04-01 11:32:11.843,590.0
2023-04-01 11:32:11.942,585.0
2023-04-01 11:32:12.035,577.0
2023-04-01 11:32:12.141,576.0
2023-04-01 11:32:12.267,678.0
2023-04-01 11:32:12.367,509.0
2023-04-01 11:32:12.447,487.0
2023-04-01 11:32:12.550,580.0
2023-04-01 11:32:12.643,577.0
2023-04-01 11:32:12.808,577.0
2023-04-01 11:32:12.852,581.0
2023-04-01 11:32:12.968,571.0
2023-04-01 11:32:13.047,525.0
2023-04-01 11:32:13.156,521.0
2023-04-01 11:32:13.260,535.0
2023-04-01 11:32:13.369,580.0
2023-04-01 11:32:13.458,580.0
2023-04-01 11:32:13.572,590.0
2023-04-01 11:32:13.665,572.0
2023-04-01 11:32:13.767,567.0
2023-04-01 11:32:13.869,511.0
2023-04-01 11:32:14.023,498.0
2023-04-01 11:32:14.082,570.0
2023-04-01 11:32:14.204,577.0
2023-04-01 11:32:14.316,616.0
2023-04-01 11:32:14.373,564.0
2023-04-01 11:32:14.489,521.0
2023-04-01 11:32:14.602,506.0
2023-04-01 11:32:14.726,554.0
2023-04-01 11:32:14.786,572.0
2023-04-01 11:32:14.891,570.0
2023-04-01 11:32:15.007,568.0
2023-04-01 11:32:15.117,525.0
2023-04-01 11:32:15.248,516.0
2023-04-01 11:32:15.274,494.0
2023-04-01 11:32:15.428,572.0
2023-04-01 11:32:15.478,572.0
2023-04-01 11:32:15.589,574.0
2023-04-01 11:32:15.719,561.0
2023-04-01 11:32:15.833,774.0
2023-04-01 11:32:15.892,512.0
2023-04-01 11:32:16.016,499.0
2023-04-01 11:32:16.133,585.0
2023-04-01 11:32:16.193,589.0
2023-04-01 11:32:16.307,577.0
2023-04-01 11:32:16.422,573.0
2023-04-01 11:32:16.534,569.0
2023-04-01 11:32:16.650,736.0
2023-04-01 11:32:16.693,507.0
2023-04-01 11:32:16.822,493.0
2023-04-01 11:32:16.975,574.0
2023-04-01 11:32:17.184,564.0
2023-04-01 11:32:17.201,566.0
2023-04-01 11:32:17.216,561.0
2023-04-01 11:32:17.347,558.0
2023-04-01 11:32:17.399,561.0
2023-04-01 11:32:17.509,542.0
2023-04-01 11:32:17.617,519.0
2023-04-01 11:32:17.735,507.0
2023-04-01 11:32:17.844,577.0
2023-04-01 11:32:17.958,570.0
2023-04-01 11:32:18.011,586.0
2023-04-01 11:32:18.128,585.0
2023-04-01 11:32:18.272,566.0
2023-04-01 11:32:18.318,556.0
2023-04-01 11:32:18.457,689.0
2023-04-01 11:32:18.523,510.0
2023-04-01 11:32:18.646,505.0
2023-04-01 11:32:18.766,567.0
2023-04-01 11:32:18.817,568.0
2023-04-01 11:32:18.933,570.0
2023-04-01 11:32:19.055,566.0
2023-04-01 11:32:19.162,573.0
2023-04-01 11:32:19.285,564.0
2023-04-01 11:32:19.336,727.0
2023-04-01 11:32:19.447,514.0
2023-04-01 11:32:19.586,498.0
2023-04-01 11:32:19.633,567.0
2023-04-01 11:32:19.749,570.0
2023-04-01 11:32:19.856,570.0
2023-04-01 11:32:19.949,566.0
2023-04-01 11:32:20.036,566.0
2023-04-01 11:32:20.167,567.0
2023-04-01 11:32:20.292,562.0
2023-04-01 11:32:20.339,637.0
2023-04-01 11:32:20.464,512.0
2023-04-01 11:32:20.576,500.0
2023-04-01 11:32:20.687,574.0
2023-04-01 11:32:20.756,570.0
2023-04-01 11:32:20.876,576.0
2023-04-01 11:32:20.941,578.0
2023-04-01 11:32:21.091,577.0
2023-04-01 11:32:21.153,573.0
2023-04-01 11:32:21.277,571.0
2023-04-01 11:32:21.388,669.0
2023-04-01 11:32:21.499,513.0
2023-04-01 11:32:21.553,509.0
2023-04-01 11:32:21.667,578.0
2023-04-01 11:32:21.794,572.0
2023-04-01 11:32:21.858,572.0
2023-04-01 11:32:21.988,570.0
2023-04-01 11:32:22.098,568.0
2023-04-01 11:32:22.198,567.0
2023-04-01 11:32:22.303,562.0
2023-04-01 11:32:22.414,574.0
2023-04-01 11:32:22.472,526.0
2023-04-01 11:32:22.592,523.0
2023-04-01 11:32:22.715,570.0
2023-04-01 11:32:22.818,572.0
2023-04-01 11:32:22.866,577.0
2023-04-01 11:32:22.987,570.0
2023-04-01 11:32:23.115,595.0
2023-04-01 11:32:23.191,556.0
2023-04-01 11:32:23.318,521.0
2023-04-01 11:32:23.426,512.0
2023-04-01 11:32:23.472,553.0
2023-04-01 11:32:23.604,568.0
2023-04-01 11:32:23.680,561.0
2023-04-01 11:32:23.844,572.0
2023-04-01 11:32:23.884,570.0
2023-04-01 11:32:24.001,567.0
2023-04-01 11:32:24.120,744.0
2023-04-01 11:32:24.196,514.0
2023-04-01 11:32:24.327,499.0
2023-04-01 11:32:24.408,569.0
2023-04-01 11:32:24.523,569.0
2023-04-01 11:32:24.627,580.0
2023-04-01 11:32:24.703,572.0
2023-04-01 11:32:24.791,576.0
2023-04-01 11:32:24.895,559.0
2023-04-01 11:32:25.003,522.0
2023-04-01 11:32:25.099,509.0
2023-04-01 11:32:25.201,519.0
2023-04-01 11:32:25.575,572.0
2023-04-01 11:32:25.578,568.0
2023-04-01 11:32:25.581,579.0
2023-04-01 11:32:25.612,559.0
2023-04-01 11:32:25.701,561.0
2023-04-01 11:32:25.816,512.0
2023-04-01 11:32:25.899,521.0
2023-04-01 11:32:26.073,514.0
2023-04-01 11:32:26.105,572.0
2023-04-01 11:32:26.282,578.0
2023-04-01 11:32:26.312,570.0
2023-04-01 11:32:26.410,574.0
2023-04-01 11:32:26.517,570.0
2023-04-01 11:32:26.619,524.0
2023-04-01 11:32:26.725,519.0
2023-04-01 11:32:26.821,508.0
2023-04-01 11:32:26.926,573.0
2023-04-01 11:32:27.019,572.0
2023-04-01 11:32:27.127,580.0
2023-04-01 11:32:27.226,574.0
2023-04-01 11:32:27.438,569.0
2023-04-01 11:32:27.444,561.0
2023-04-01 11:32:27.541,794.0
2023-04-01 11:32:27.628,502.0
2023-04-01 11:32:27.744,488.0
2023-04-01 11:32:27.829,572.0
2023-04-01 11:32:27.947,568.0
2023-04-01 11:32:28.048,566.0
2023-04-01 11:32:28.131,569.0
2023-04-01 11:32:28.255,561.0
2023-04-01 11:32:28.348,566.0
2023-04-01 11:32:28.434,560.0
2023-04-01 11:32:28.548,502.0
2023-04-01 11:32:28.654,502.0
2023-04-01 11:32:28.759,513.0
2023-04-01 11:32:28.851,573.0
2023-04-01 11:32:28.949,570.0
2023-04-01 11:32:29.061,567.0
2023-04-01 11:32:29.157,566.0
2023-04-01 11:32:29.248,565.0
2023-04-01 11:32:29.363,581.0
2023-04-01 11:32:29.454,568.0
2023-04-01 11:32:29.565,525.0
2023-04-01 11:32:29.660,516.0
2023-04-01 11:32:29.770,545.0
2023-04-01 11:32:29.867,576.0
2023-04-01 11:32:29.978,568.0
2023-04-01 11:32:30.067,566.0
2023-04-01 11:32:30.170,562.0
2023-04-01 11:32:30.278,566.0
2023-04-01 11:32:30.404,560.0
2023-04-01 11:32:30.476,511.0
2023-04-01 11:32:30.571,512.0
2023-04-01 11:32:30.674,525.0
2023-04-01 11:32:30.813,568.0
2023-04-01 11:32:30.871,568.0
2023-04-01 11:32:30.985,577.0
2023-04-01 11:32:31.074,569.0
2023-04-01 11:32:31.174,561.0
2023-04-01 11:32:31.275,562.0
2023-04-01 11:32:31.370,774.0
2023-04-01 11:32:31.476,512.0
2023-04-01 11:32:31.578,496.0
2023-04-01 11:32:31.671,576.0
2023-04-01 11:32:31.786,572.0
2023-04-01 11:32:31.880,579.0
2023-04-01 11:32:31.983,580.0
2023-04-01 11:32:32.077,572.0
2023-04-01 11:32:32.246,595.0
2023-04-01 11:32:32.282,567.0
2023-04-01 11:32:32.381,509.0
2023-04-01 11:32:32.488,507.0
2023-04-01 11:32:32.644,555.0
2023-04-01 11:32:32.688,567.0
2023-04-01 11:32:32.832,566.0
2023-04-01 11:32:32.949,566.0
2023-04-01 11:32:32.991,566.0
2023-04-01 11:32:33.102,572.0
2023-04-01 11:32:33.356,501.0
2023-04-01 11:32:33.359,524.0
2023-04-01 11:32:33.402,494.0
2023-04-01 11:32:33.514,585.0
2023-04-01 11:32:33.601,585.0
2023-04-01 11:32:33.710,600.0
2023-04-01 11:32:33.822,604.0
2023-04-01 11:32:33.939,610.0
2023-04-01 11:32:34.059,554.0
2023-04-01 11:32:34.141,505.0
2023-04-01 11:32:34.257,496.0
2023-04-01 11:32:34.307,555.0
2023-04-01 11:32:34.427,561.0
2023-04-01 11:32:34.575,554.0
2023-04-01 11:32:34.612,565.0
2023-04-01 11:32:34.727,567.0
2023-04-01 11:32:34.845,557.0
2023-04-01 11:32:34.912,464.0
2023-04-01 11:32:35.016,514.0
2023-04-01 11:32:35.124,498.0
2023-04-01 11:32:35.220,594.0
2023-04-01 11:32:35.324,590.0
2023-04-01 11:32:35.428,586.0
2023-04-01 11:32:35.527,566.0
2023-04-01 11:32:35.623,561.0
2023-04-01 11:32:35.794,555.0
2023-04-01 11:32:35.824,549.0
2023-04-01 11:32:35.939,821.0
2023-04-01 11:32:36.026,494.0
2023-04-01 11:32:36.191,488.0
2023-04-01 11:32:36.234,568.0
2023-04-01 11:32:36.344,581.0
2023-04-01 11:32:36.451,578.0
2023-04-01 11:32:36.571,579.0
2023-04-01 11:32:36.645,583.0
2023-04-01 11:32:36.760,588.0
2023-04-01 11:32:36.856,577.0
2023-04-01 11:32:36.939,613.0
2023-04-01 11:32:37.054,510.0
2023-04-01 11:32:37.149,495.0
2023-04-01 11:32:37.264,567.0
2023-04-01 11:32:37.345,562.0
2023-04-01 11:32:37.466,570.0
2023-04-01 11:32:37.555,561.0
2023-04-01 11:32:37.661,564.0
2023-04-01 11:32:37.754,565.0
2023-04-01 11:32:37.921,643.0
2023-04-01 11:32:37.960,506.0
2023-04-01 11:32:38.066,480.0
2023-04-01 11:32:38.191,568.0
2023-04-01 11:32:38.283,565.0
2023-04-01 11:32:38.367,560.0
2023-04-01 11:32:38.535,566.0
2023-04-01 11:32:38.575,562.0
2023-04-01 11:32:38.682,564.0
2023-04-01 11:32:38.782,566.0
2023-04-01 11:32:38.892,900.0
2023-04-01 11:32:38.988,517.0
2023-04-01 11:32:39.093,481.0
2023-04-01 11:32:39.183,581.0
2023-04-01 11:32:39.289,576.0
2023-04-01 11:32:39.450,577.0
2023-04-01 11:32:39.510,561.0
2023-04-01 11:32:39.595,552.0
2023-04-01 11:32:39.698,549.0
2023-04-01 11:32:39.785,550.0
2023-04-01 11:32:39.894,873.0
2023-04-01 11:32:40.013,502.0
2023-04-01 11:32:40.091,478.0
2023-04-01 11:32:40.201,583.0
2023-04-01 11:32:40.335,578.0
2023-04-01 11:32:40.412,586.0
2023-04-01 11:32:40.496,590.0
2023-04-01 11:32:40.602,586.0
2023-04-01 11:32:40.768,606.0
2023-04-01 11:32:40.801,582.0
2023-04-01 11:32:40.907,571.0
2023-04-01 11:32:41.016,519.0
2023-04-01 11:32:41.106,506.0
2023-04-01 11:32:41.217,566.0
2023-04-01 11:32:41.316,552.0
2023-04-01 11:32:41.433,565.0
2023-04-01 11:32:41.510,557.0
2023-04-01 11:32:41.614,566.0
2023-04-01 11:32:41.710,717.0
2023-04-01 11:32:41.866,518.0
2023-04-01 11:32:41.913,492.0
2023-04-01 11:32:42.027,581.0
2023-04-01 11:32:42.162,573.0
2023-04-01 11:32:42.231,570.0
2023-04-01 11:32:42.337,572.0
2023-04-01 11:32:42.423,569.0
2023-04-01 11:32:42.543,505.0
2023-04-01 11:32:42.626,508.0
2023-04-01 11:32:42.736,497.0
2023-04-01 11:32:42.841,566.0
2023-04-01 11:32:42.944,571.0
2023-04-01 11:32:43.107,570.0
2023-04-01 11:32:43.141,568.0
2023-04-01 11:32:43.239,568.0
2023-04-01 11:32:43.357,579.0
2023-04-01 11:32:43.438,497.0
2023-04-01 11:32:43.549,508.0
2023-04-01 11:32:43.642,489.0
2023-04-01 11:32:43.742,560.0
2023-04-01 11:32:43.845,572.0
2023-04-01 11:32:43.947,576.0
2023-04-01 11:32:44.048,568.0
2023-04-01 11:32:44.153,567.0
2023-04-01 11:32:44.255,570.0
2023-04-01 11:32:44.355,560.0
2023-04-01 11:32:44.473,823.0
2023-04-01 11:32:44.595,513.0
2023-04-01 11:32:44.655,502.0
2023-04-01 11:32:44.761,581.0
2023-04-01 11:32:44.854,570.0
2023-04-01 11:32:44.962,577.0
2023-04-01 11:32:45.064,578.0
2023-04-01 11:32:45.155,560.0
2023-04-01 11:32:45.268,562.0
2023-04-01 11:32:45.369,615.0
2023-04-01 11:32:45.481,516.0
2023-04-01 11:32:45.560,501.0
2023-04-01 11:32:45.670,573.0
2023-04-01 11:32:45.782,564.0
2023-04-01 11:32:45.870,562.0
2023-04-01 11:32:45.970,573.0
2023-04-01 11:32:46.076,576.0
2023-04-01 11:32:46.234,561.0
2023-04-01 11:32:46.275,636.0
2023-04-01 11:32:46.410,512.0
2023-04-01 11:32:46.520,493.0
2023-04-01 11:32:46.581,568.0
2023-04-01 11:32:46.703,566.0
2023-04-01 11:32:46.818,571.0
2023-04-01 11:32:46.931,572.0
2023-04-01 11:32:46.995,560.0
2023-04-01 11:32:47.100,562.0
2023-04-01 11:32:47.237,557.0
2023-04-01 11:32:47.289,512.0
2023-04-01 11:32:47.397,494.0
2023-04-01 11:32:47.546,578.0
2023-04-01 11:32:47.591,576.0
2023-04-01 11:32:47.706,581.0
2023-04-01 11:32:47.814,572.0
2023-04-01 11:32:47.918,568.0
2023-04-01 11:32:48.051,571.0
2023-04-01 11:32:48.100,555.0
2023-04-01 11:32:48.206,519.0
2023-04-01 11:32:48.317,498.0
2023-04-01 11:32:48.401,568.0
2023-04-01 11:32:48.521,566.0
2023-04-01 11:32:48.633,566.0
2023-04-01 11:32:48.744,564.0
2023-04-01 11:32:49.136,569.0
2023-04-01 11:32:49.140,573.0
2023-04-01 11:32:49.143,564.0
2023-04-01 11:32:49.147,512.0
2023-04-01 11:32:49.246,487.0
2023-04-01 11:32:49.370,537.0
2023-04-01 11:32:49.423,555.0
2023-04-01 11:32:49.553,559.0
2023-04-01 11:32:49.772,564.0
2023-04-01 11:32:49.775,572.0
2023-04-01 11:32:49.847,556.0
2023-04-01 11:32:50.169,559.0
2023-04-01 11:32:50.172,740.0
2023-04-01 11:32:50.176,532.0
2023-04-01 11:32:50.267,495.0
2023-04-01 11:32:50.362,581.0
2023-04-01 11:32:50.445,577.0
2023-04-01 11:32:50.673,582.0
2023-04-01 11:32:50.677,581.0
2023-04-01 11:32:50.771,567.0
2023-04-01 11:32:50.844,569.0
2023-04-01 11:32:50.925,559.0
2023-04-01 11:32:51.102,519.0
2023-04-01 11:32:51.146,509.0
2023-04-01 11:32:51.239,558.0
2023-04-01 11:32:51.340,562.0
2023-04-01 11:32:51.501,561.0
2023-04-01 11:32:51.594,552.0
2023-04-01 11:32:51.705,556.0
2023-04-01 11:32:51.927,558.0
2023-04-01 11:32:51.931,709.0
2023-04-01 11:32:51.945,509.0
2023-04-01 11:32:52.114,497.0
2023-04-01 11:32:52.616,573.0
2023-04-01 11:32:52.619,570.0
2023-04-01 11:32:52.625,568.0
2023-04-01 11:32:52.629,571.0
2023-04-01 11:32:52.633,576.0
2023-04-01 11:32:52.667,567.0
2023-04-01 11:32:52.749,518.0
2023-04-01 11:32:52.861,516.0
2023-04-01 11:32:53.004,508.0
2023-04-01 11:32:53.057,564.0
2023-04-01 11:32:53.156,550.0
2023-04-01 11:32:53.346,566.0
2023-04-01 11:32:53.364,541.0
2023-04-01 11:32:53.462,538.0
2023-04-01 11:32:53.561,496.0
2023-04-01 11:32:53.664,513.0
2023-04-01 11:32:53.761,510.0
2023-04-01 11:32:53.868,572.0
2023-04-01 11:32:53.971,571.0
2023-04-01 11:32:54.082,586.0
2023-04-01 11:32:54.165,590.0
2023-04-01 11:32:54.274,569.0
2023-04-01 11:32:54.470,638.0
2023-04-01 11:32:54.474,523.0
2023-04-01 11:32:54.574,518.0
2023-04-01 11:32:54.677,566.0
2023-04-01 11:32:54.787,567.0
2023-04-01 11:32:54.887,561.0
2023-04-01 11:32:54.983,566.0
2023-04-01 11:32:55.311,842.0
2023-04-01 11:32:55.315,512.0
2023-04-01 11:32:55.319,494.0
2023-04-01 11:32:55.397,576.0
2023-04-01 11:32:55.524,583.0
2023-04-01 11:32:55.595,577.0
2023-04-01 11:32:55.692,579.0
2023-04-01 11:32:56.029,845.0
2023-04-01 11:32:56.032,530.0
2023-04-01 11:32:56.036,494.0
2023-04-01 11:32:56.230,557.0
2023-04-01 11:32:56.233,548.0
2023-04-01 11:32:56.314,561.0
2023-04-01 11:32:56.424,561.0
2023-04-01 11:32:56.911,585.0
2023-04-01 11:32:56.916,514.0
2023-04-01 11:32:57.355,505.0
2023-04-01 11:32:57.359,578.0
2023-04-01 11:32:57.362,577.0
2023-04-01 11:32:57.371,610.0
2023-04-01 11:32:57.374,569.0
2023-04-01 11:32:57.377,524.0
2023-04-01 11:32:57.381,505.0
2023-04-01 11:32:57.436,545.0
2023-04-01 11:32:57.673,569.0
2023-04-01 11:32:57.676,567.0
2023-04-01 11:32:57.689,569.0
2023-04-01 11:32:57.952,569.0
2023-04-01 11:32:57.956,718.0
2023-04-01 11:32:58.013,518.0
2023-04-01 11:32:58.123,499.0
2023-04-01 11:32:58.516,581.0
2023-04-01 11:32:58.519,580.0
2023-04-01 11:32:58.522,579.0
2023-04-01 11:32:58.536,572.0
2023-04-01 11:32:58.633,514.0
2023-04-01 11:32:58.973,511.0
2023-04-01 11:32:59.002,489.0
2023-04-01 11:32:59.006,562.0
2023-04-01 11:32:59.011,566.0
2023-04-01 11:32:59.184,569.0
2023-04-01 11:32:59.319,567.0
2023-04-01 11:32:59.322,568.0
2023-04-01 11:32:59.493,746.0
2023-04-01 11:32:59.901,509.0
2023-04-01 11:33:00.098,484.0
2023-04-01 11:33:00.102,576.0
2023-04-01 11:33:00.105,571.0
2023-04-01 11:33:00.108,568.0
2023-04-01 11:33:00.112,567.0
2023-04-01 11:33:00.117,561.0
2023-04-01 11:33:00.207,526.0
2023-04-01 11:33:00.307,508.0
2023-04-01 11:33:00.414,487.0
2023-04-01 11:33:00.522,578.0
2023-04-01 11:33:00.614,573.0
2023-04-01 11:33:00.741,568.0
2023-04-01 11:33:00.822,567.0
2023-04-01 11:33:01.320,572.0
2023-04-01 11:33:01.334,562.0
2023-04-01 11:33:01.338,555.0
2023-04-01 11:33:01.341,507.0
2023-04-01 11:33:01.345,498.0
2023-04-01 11:33:01.667,578.0
2023-04-01 11:33:01.670,572.0
2023-04-01 11:33:01.674,572.0
2023-04-01 11:33:01.735,570.0
2023-04-01 11:33:02.253,568.0
2023-04-01 11:33:02.257,650.0
2023-04-01 11:33:02.297,508.0
2023-04-01 11:33:02.300,488.0
2023-04-01 11:33:02.304,567.0
2023-04-01 11:33:02.492,567.0
2023-04-01 11:33:02.495,569.0
2023-04-01 11:33:02.828,567.0
2023-04-01 11:33:02.831,569.0
2023-04-01 11:33:02.835,562.0
2023-04-01 11:33:02.866,506.0
2023-04-01 11:33:02.972,506.0
2023-04-01 11:33:03.371,502.0
2023-04-01 11:33:03.374,583.0
2023-04-01 11:33:03.377,577.0
2023-04-01 11:33:03.381,576.0
2023-04-01 11:33:03.483,576.0
2023-04-01 11:33:03.585,568.0
2023-04-01 11:33:03.977,499.0
2023-04-01 11:33:04.001,513.0
2023-04-01 11:33:04.004,497.0
2023-04-01 11:33:04.007,568.0
2023-04-01 11:33:04.098,568.0
2023-04-01 11:33:04.199,574.0
2023-04-01 11:33:04.406,571.0
2023-04-01 11:33:04.409,566.0
2023-04-01 11:33:04.442,562.0
2023-04-01 11:33:04.565,680.0
2023-04-01 11:33:04.808,507.0
2023-04-01 11:33:04.913,485.0
2023-04-01 11:33:05.206,576.0
2023-04-01 11:33:05.231,576.0
2023-04-01 11:33:05.234,576.0
2023-04-01 11:33:05.237,570.0
2023-04-01 11:33:05.341,564.0
2023-04-01 11:33:05.392,709.0
2023-04-01 11:33:05.481,524.0
2023-04-01 11:33:05.567,501.0
2023-04-01 11:33:05.667,568.0
2023-04-01 11:33:05.840,559.0
2023-04-01 11:33:05.862,564.0
2023-04-01 11:33:06.015,582.0
2023-04-01 11:33:06.082,556.0
2023-04-01 11:33:06.330,513.0
2023-04-01 11:33:06.347,502.0
2023-04-01 11:33:06.372,556.0
2023-04-01 11:33:06.467,568.0
2023-04-01 11:33:06.571,571.0
2023-04-01 11:33:06.676,567.0
2023-04-01 11:33:06.776,568.0
2023-04-01 11:33:06.872,477.0
2023-04-01 11:33:07.066,513.0
2023-04-01 11:33:07.070,495.0
2023-04-01 11:33:07.170,582.0
2023-04-01 11:33:07.272,573.0
2023-04-01 11:33:07.383,585.0
2023-04-01 11:33:07.480,582.0
2023-04-01 11:33:07.588,614.0
2023-04-01 11:33:07.681,578.0
2023-04-01 11:33:07.787,523.0
2023-04-01 11:33:07.887,511.0
2023-04-01 11:33:07.993,545.0
2023-04-01 11:33:08.082,568.0
2023-04-01 11:33:08.192,567.0
2023-04-01 11:33:08.291,572.0
2023-04-01 11:33:08.389,562.0
2023-04-01 11:33:08.496,554.0
2023-04-01 11:33:08.597,654.0
2023-04-01 11:33:08.693,510.0
2023-04-01 11:33:08.796,505.0
2023-04-01 11:33:09.022,569.0
2023-04-01 11:33:09.026,565.0
2023-04-01 11:33:09.093,567.0
2023-04-01 11:33:09.226,559.0
2023-04-01 11:33:09.316,588.0
2023-04-01 11:33:09.400,556.0
2023-04-01 11:33:09.530,528.0
2023-04-01 11:33:09.601,512.0
2023-04-01 11:33:09.731,518.0
2023-04-01 11:33:09.853,566.0
2023-04-01 11:33:09.924,561.0
2023-04-01 11:33:10.014,568.0
2023-04-01 11:33:10.136,569.0
2023-04-01 11:33:10.244,570.0
2023-04-01 11:33:10.317,567.0
2023-04-01 11:33:10.418,564.0
2023-04-01 11:33:10.524,470.0
2023-04-01 11:33:10.657,516.0
2023-04-01 11:33:10.730,494.0
2023-04-01 11:33:10.841,578.0
2023-04-01 11:33:10.947,577.0
2023-04-01 11:33:11.060,578.0
2023-04-01 11:33:11.130,581.0
2023-04-01 11:33:11.263,576.0
2023-04-01 11:33:11.321,566.0
2023-04-01 11:33:11.436,565.0
2023-04-01 11:33:11.533,753.0
2023-04-01 11:33:11.720,507.0
2023-04-01 11:33:11.754,484.0
2023-04-01 11:33:11.847,561.0
2023-04-01 11:33:11.928,568.0
2023-04-01 11:33:12.039,570.0
2023-04-01 11:33:12.133,570.0
2023-04-01 11:33:12.263,561.0
2023-04-01 11:33:12.336,566.0
2023-04-01 11:33:12.441,560.0
2023-04-01 11:33:12.543,552.0
2023-04-01 11:33:12.647,502.0
2023-04-01 11:33:12.750,497.0
2023-04-01 11:33:12.840,570.0
2023-04-01 11:33:12.933,569.0
2023-04-01 11:33:13.042,571.0
2023-04-01 11:33:13.209,568.0
2023-04-01 11:33:13.298,566.0
2023-04-01 11:33:13.347,562.0
2023-04-01 11:33:13.453,546.0
2023-04-01 11:33:13.545,509.0
2023-04-01 11:33:13.662,499.0
2023-04-01 11:33:13.802,555.0
2023-04-01 11:33:13.844,567.0
2023-04-01 11:33:13.973,585.0
2023-04-01 11:33:14.052,586.0
2023-04-01 11:33:14.156,586.0
2023-04-01 11:33:14.334,581.0
2023-04-01 11:33:14.358,818.0
2023-04-01 11:33:14.458,521.0
2023-04-01 11:33:14.614,499.0
2023-04-01 11:33:14.660,578.0
2023-04-01 11:33:14.789,578.0
2023-04-01 11:33:14.878,573.0
2023-04-01 11:33:15.047,569.0
2023-04-01 11:33:15.076,577.0
2023-04-01 11:33:15.161,534.0
2023-04-01 11:33:15.279,499.0
2023-04-01 11:33:15.366,489.0
2023-04-01 11:33:15.466,561.0
2023-04-01 11:33:15.566,572.0
2023-04-01 11:33:15.673,573.0
2023-04-01 11:33:15.788,577.0
2023-04-01 11:33:15.886,567.0
2023-04-01 11:33:15.970,561.0
2023-04-01 11:33:16.075,672.0
2023-04-01 11:33:16.185,507.0
2023-04-01 11:33:16.283,495.0
2023-04-01 11:33:16.380,577.0
2023-04-01 11:33:16.591,566.0
2023-04-01 11:33:16.594,569.0
2023-04-01 11:33:16.708,565.0
2023-04-01 11:33:16.781,589.0
2023-04-01 11:33:16.877,562.0
2023-04-01 11:33:17.066,524.0
2023-04-01 11:33:17.099,502.0
2023-04-01 11:33:17.186,525.0
2023-04-01 11:33:17.292,571.0
2023-04-01 11:33:17.387,576.0
2023-04-01 11:33:17.494,568.0
2023-04-01 11:33:17.614,570.0
2023-04-01 11:33:17.704,559.0
2023-04-01 11:33:17.795,478.0
2023-04-01 11:33:17.899,506.0
2023-04-01 11:33:17.999,494.0
2023-04-01 11:33:18.097,568.0
2023-04-01 11:33:18.221,568.0
2023-04-01 11:33:18.299,568.0
2023-04-01 11:33:18.405,570.0
2023-04-01 11:33:18.506,568.0
2023-04-01 11:33:18.669,601.0
2023-04-01 11:33:18.699,557.0
2023-04-01 11:33:18.945,507.0
2023-04-01 11:33:18.953,499.0
2023-04-01 11:33:19.053,521.0
2023-04-01 11:33:19.107,570.0
2023-04-01 11:33:19.236,570.0
2023-04-01 11:33:19.334,570.0
2023-04-01 11:33:19.419,572.0
2023-04-01 11:33:19.549,568.0
2023-04-01 11:33:19.614,561.0
2023-04-01 11:33:19.719,732.0
2023-04-01 11:33:19.886,502.0
2023-04-01 11:33:19.921,483.0
2023-04-01 11:33:20.034,570.0
2023-04-01 11:33:20.143,566.0
2023-04-01 11:33:20.225,572.0
2023-04-01 11:33:20.325,570.0
2023-04-01 11:33:20.433,602.0
2023-04-01 11:33:20.519,558.0
2023-04-01 11:33:20.677,510.0
2023-04-01 11:33:20.731,499.0
2023-04-01 11:33:20.829,546.0
2023-04-01 11:33:20.934,568.0
2023-04-01 11:33:21.030,572.0
2023-04-01 11:33:21.133,579.0
2023-04-01 11:33:21.231,568.0
2023-04-01 11:33:21.339,561.0
2023-04-01 11:33:21.435,466.0
2023-04-01 11:33:21.559,500.0
2023-04-01 11:33:21.633,481.0
2023-04-01 11:33:21.789,578.0
2023-04-01 11:33:21.848,570.0
2023-04-01 11:33:21.969,578.0
2023-04-01 11:33:22.047,571.0
2023-04-01 11:33:22.143,564.0
2023-04-01 11:33:22.300,560.0
2023-04-01 11:33:22.343,902.0
2023-04-01 11:33:22.446,496.0
2023-04-01 11:33:22.571,486.0
2023-04-01 11:33:22.656,569.0
2023-04-01 11:33:22.787,572.0
2023-04-01 11:33:22.848,577.0
2023-04-01 11:33:22.987,572.0
2023-04-01 11:33:23.051,577.0
2023-04-01 11:33:23.171,521.0
2023-04-01 11:33:23.337,517.0
2023-04-01 11:33:23.389,501.0
2023-04-01 11:33:23.450,562.0
2023-04-01 11:33:23.555,572.0
2023-04-01 11:33:23.654,576.0
2023-04-01 11:33:23.825,574.0
2023-04-01 11:33:23.857,576.0
2023-04-01 11:33:23.965,556.0
2023-04-01 11:33:24.065,499.0
2023-04-01 11:33:24.176,495.0
2023-04-01 11:33:24.272,497.0
2023-04-01 11:33:24.371,578.0
2023-04-01 11:33:24.477,572.0
2023-04-01 11:33:24.571,574.0
2023-04-01 11:33:24.671,568.0
2023-04-01 11:33:24.774,561.0
2023-04-01 11:33:24.868,877.0
2023-04-01 11:33:24.971,507.0
2023-04-01 11:33:25.078,480.0
2023-04-01 11:33:25.186,579.0
2023-04-01 11:33:25.283,561.0
2023-04-01 11:33:25.399,567.0
2023-04-01 11:33:25.480,570.0
2023-04-01 11:33:25.585,566.0
2023-04-01 11:33:25.693,737.0
2023-04-01 11:33:25.805,499.0
2023-04-01 11:33:25.881,482.0
2023-04-01 11:33:25.988,576.0
2023-04-01 11:33:26.093,562.0
2023-04-01 11:33:26.327,569.0
2023-04-01 11:33:26.332,569.0
2023-04-01 11:33:26.446,562.0
2023-04-01 11:33:26.521,568.0
2023-04-01 11:33:26.631,506.0
2023-04-01 11:33:26.755,481.0
2023-04-01 11:33:26.830,573.0
2023-04-01 11:33:26.980,572.0
2023-04-01 11:33:27.006,577.0
2023-04-01 11:33:27.148,571.0
2023-04-01 11:33:27.214,568.0
2023-04-01 11:33:27.346,562.0
2023-04-01 11:33:27.403,797.0
2023-04-01 11:33:27.560,499.0
2023-04-01 11:33:27.600,475.0
2023-04-01 11:33:27.718,579.0
2023-04-01 11:33:27.811,573.0
2023-04-01 11:33:27.942,570.0
2023-04-01 11:33:28.032,568.0
2023-04-01 11:33:28.118,566.0
2023-04-01 11:33:28.221,567.0
2023-04-01 11:33:28.314,729.0
2023-04-01 11:33:28.408,507.0
2023-04-01 11:33:28.568,497.0
2023-04-01 11:33:28.655,569.0
2023-04-01 11:33:28.723,567.0
2023-04-01 11:33:28.813,570.0
2023-04-01 11:33:28.913,569.0
2023-04-01 11:33:29.016,568.0
2023-04-01 11:33:29.116,556.0
2023-04-01 11:33:29.220,519.0
2023-04-01 11:33:29.381,504.0
2023-04-01 11:33:29.431,495.0
2023-04-01 11:33:29.531,578.0
2023-04-01 11:33:29.632,571.0
2023-04-01 11:33:29.733,574.0
2023-04-01 11:33:29.854,571.0
2023-04-01 11:33:29.931,570.0
2023-04-01 11:33:30.030,556.0
2023-04-01 11:33:30.128,493.0
2023-04-01 11:33:30.229,495.0
2023-04-01 11:33:30.337,497.0
2023-04-01 11:33:30.458,577.0
2023-04-01 11:33:30.540,572.0
2023-04-01 11:33:30.636,572.0
2023-04-01 11:33:30.876,569.0
2023-04-01 11:33:30.879,570.0
2023-04-01 11:33:30.987,489.0
2023-04-01 11:33:31.061,512.0
2023-04-01 11:33:31.224,494.0
2023-04-01 11:33:31.244,570.0
2023-04-01 11:33:31.348,574.0
2023-04-01 11:33:31.442,576.0
2023-04-01 11:33:31.551,577.0
2023-04-01 11:33:31.644,569.0
2023-04-01 11:33:31.746,517.0
2023-04-01 11:33:31.853,506.0
2023-04-01 11:33:31.957,493.0
2023-04-01 11:33:32.055,562.0
2023-04-01 11:33:32.150,572.0
2023-04-01 11:33:32.256,567.0
2023-04-01 11:33:32.358,568.0
2023-04-01 11:33:32.653,579.0
2023-04-01 11:33:32.656,560.0
2023-04-01 11:33:32.667,504.0
2023-04-01 11:33:32.773,496.0
2023-04-01 11:33:32.876,506.0
2023-04-01 11:33:32.972,569.0
2023-04-01 11:33:33.080,583.0
2023-04-01 11:33:33.179,572.0
2023-04-01 11:33:33.281,569.0
2023-04-01 11:33:33.418,573.0
2023-04-01 11:33:33.483,673.0
2023-04-01 11:33:33.587,508.0
2023-04-01 11:33:33.694,487.0
2023-04-01 11:33:33.875,568.0
2023-04-01 11:33:33.877,567.0
2023-04-01 11:33:33.977,564.0
2023-04-01 11:33:34.082,572.0
2023-04-01 11:33:34.326,562.0
2023-04-01 11:33:34.329,508.0
2023-04-01 11:33:34.387,514.0
2023-04-01 11:33:34.474,514.0
2023-04-01 11:33:34.591,570.0
2023-04-01 11:33:34.693,576.0
2023-04-01 11:33:34.817,568.0
2023-04-01 11:33:34.882,598.0
2023-04-01 11:33:34.982,558.0
2023-04-01 11:33:35.095,517.0
2023-04-01 11:33:35.186,499.0
2023-04-01 11:33:35.294,555.0
2023-04-01 11:33:35.706,585.0
2023-04-01 11:33:35.709,577.0
2023-04-01 11:33:35.712,572.0
2023-04-01 11:33:35.715,607.0
2023-04-01 11:33:35.798,566.0
2023-04-01 11:33:35.894,518.0
2023-04-01 11:33:36.068,499.0
2023-04-01 11:33:36.145,541.0
2023-04-01 11:33:36.401,578.0
2023-04-01 11:33:36.429,580.0
2023-04-01 11:33:36.432,574.0
2023-04-01 11:33:36.530,570.0
2023-04-01 11:33:36.607,506.0
2023-04-01 11:33:36.710,514.0
2023-04-01 11:33:36.863,494.0
2023-04-01 11:33:36.903,564.0
2023-04-01 11:33:37.072,568.0
2023-04-01 11:33:37.121,570.0
2023-04-01 11:33:37.205,584.0
2023-04-01 11:33:37.312,559.0
2023-04-01 11:33:37.427,489.0
2023-04-01 11:33:37.564,499.0
2023-04-01 11:33:37.612,492.0
2023-04-01 11:33:37.740,573.0
2023-04-01 11:33:37.815,571.0
2023-04-01 11:33:37.989,579.0
2023-04-01 11:33:38.017,557.0
2023-04-01 11:33:38.116,505.0
2023-04-01 11:33:38.215,505.0
2023-04-01 11:33:38.364,496.0
2023-04-01 11:33:38.424,578.0
2023-04-01 11:33:38.531,568.0
2023-04-01 11:33:38.619,570.0
2023-04-01 11:33:38.807,562.0
2023-04-01 11:33:38.830,759.0
2023-04-01 11:33:38.928,497.0
2023-04-01 11:33:39.029,476.0
2023-04-01 11:33:39.126,580.0
2023-04-01 11:33:39.236,578.0
2023-04-01 11:33:39.336,576.0
2023-04-01 11:33:39.440,572.0
2023-04-01 11:33:39.561,566.0
2023-04-01 11:33:39.635,648.0
2023-04-01 11:33:39.737,500.0
2023-04-01 11:33:39.841,483.0
2023-04-01 11:33:39.946,577.0
2023-04-01 11:33:40.176,583.0
2023-04-01 11:33:40.180,578.0
2023-04-01 11:33:40.236,592.0
2023-04-01 11:33:40.423,566.0
2023-04-01 11:33:40.438,522.0
2023-04-01 11:33:40.551,509.0
2023-04-01 11:33:40.659,519.0
2023-04-01 11:33:40.751,570.0
2023-04-01 11:33:40.854,569.0
2023-04-01 11:33:40.961,569.0
2023-04-01 11:33:41.171,615.0
2023-04-01 11:33:41.174,556.0
2023-04-01 11:33:41.272,517.0
2023-04-01 11:33:41.373,494.0
2023-04-01 11:33:41.480,536.0
2023-04-01 11:33:41.572,580.0
2023-04-01 11:33:41.656,573.0
2023-04-01 11:33:41.761,569.0
2023-04-01 11:33:41.881,595.0
2023-04-01 11:33:41.959,560.0
2023-04-01 11:33:42.173,507.0
2023-04-01 11:33:42.179,495.0
2023-04-01 11:33:42.267,550.0
2023-04-01 11:33:42.368,571.0
2023-04-01 11:33:42.491,577.0
2023-04-01 11:33:42.582,566.0
2023-04-01 11:33:42.669,609.0
2023-04-01 11:33:43.009,566.0
2023-04-01 11:33:43.012,523.0
2023-04-01 11:33:43.015,509.0
2023-04-01 11:33:43.073,537.0
2023-04-01 11:33:43.224,569.0
2023-04-01 11:33:43.307,579.0
2023-04-01 11:33:43.423,570.0
2023-04-01 11:33:43.475,560.0
2023-04-01 11:33:43.645,608.0
2023-04-01 11:33:43.683,518.0
2023-04-01 11:33:43.789,504.0
2023-04-01 11:33:43.896,578.0
2023-04-01 11:33:44.029,578.0
2023-04-01 11:33:44.218,573.0
2023-04-01 11:33:44.236,569.0
2023-04-01 11:33:44.329,885.0
2023-04-01 11:33:44.392,510.0
2023-04-01 11:33:44.497,488.0
2023-04-01 11:33:44.656,573.0
2023-04-01 11:33:44.688,571.0
2023-04-01 11:33:44.854,571.0
2023-04-01 11:33:44.993,568.0
2023-04-01 11:33:44.996,524.0
2023-04-01 11:33:45.114,512.0
2023-04-01 11:33:45.233,499.0
2023-04-01 11:33:45.344,566.0
2023-04-01 11:33:45.498,571.0
2023-04-01 11:33:45.637,572.0
2023-04-01 11:33:45.642,564.0
2023-04-01 11:33:45.693,562.0
2023-04-01 11:33:45.805,736.0
2023-04-01 11:33:45.916,509.0
2023-04-01 11:33:46.195,496.0
2023-04-01 11:33:46.209,577.0
2023-04-01 11:33:46.212,579.0
2023-04-01 11:33:46.333,579.0
2023-04-01 11:33:46.489,595.0
2023-04-01 11:33:46.595,558.0
2023-04-01 11:33:46.604,517.0
2023-04-01 11:33:46.718,507.0
2023-04-01 11:33:46.805,523.0
2023-04-01 11:33:46.918,569.0
2023-04-01 11:33:47.021,568.0
2023-04-01 11:33:47.139,568.0
2023-04-01 11:33:47.375,564.0
2023-04-01 11:33:47.378,561.0
2023-04-01 11:33:47.416,656.0
2023-04-01 11:33:47.532,504.0
2023-04-01 11:33:47.666,486.0
2023-04-01 11:33:47.720,572.0
2023-04-01 11:33:47.890,569.0
2023-04-01 11:33:47.923,578.0
2023-04-01 11:33:48.047,571.0
2023-04-01 11:33:48.342,559.0
2023-04-01 11:33:48.345,561.0
2023-04-01 11:33:48.347,748.0
2023-04-01 11:33:48.435,504.0
2023-04-01 11:33:48.565,481.0
2023-04-01 11:33:48.643,570.0
